{
  "project_info": {
    "project_number": "123456789",
    "firebase_url": "https://padelo-app-default-rtdb.firebaseio.com",
    "project_id": "padelo-app",
    "storage_bucket": "padelo-app.appspot.com"
  },
  "client": [
    {
      "client_info": {
        "mobilesdk_app_id": "1:123456789:android:abcdefghijklmnop",
        "android_client_info": {
          "package_name": "com.padelo.app"
        }
      },
      "oauth_client": [
        {
          "client_id": "123456789-abcdefghijklmnopqrstuvwxyz.apps.googleusercontent.com",
          "client_type": 3
        }
      ],
      "api_key": [
        {
          "current_key": "AIzaSyBxxxxxxxxxxxxxxxxxxxxxxxxxxxxxxxxxxx"
        }
      ],
      "services": {
        "appinvite_service": {
          "other_platform_oauth_client": [
            {
              "client_id": "123456789-abcdefghijklmnopqrstuvwxyz.apps.googleusercontent.com",
              "client_type": 3
            }
          ]
        }
      }
    }
  ],
  "configuration_version": "1"
}